Item #,Quantity On Hand,Item,Item Description,,Color,Size,Date of Last Use
CUP2530   ,18,CAP,MEN'S; DARK GREY & BLACK; OGIO; FEDEXCUP,Apparel,,,2/16/16
CUP2412   ,1,LADIES JACKET,"JOFIT, FULL ZIP, CHARCOAL, LEFT ARM-PEBBLE BEACH LOGO, RIGHT ARM-FEDEX, MD",Apparel,CHARCOAL,MD,11/18/15
CUP2413   ,7,LADIES JACKET,"JOFIT, FULL ZIP, CHARCOAL, LEFT ARM-PEBBLE BEACH LOGO, RIGHT ARM-FEDEX, LG",Apparel,CHARCOAL,LG,11/18/15
CUP2414   ,7,LADIES JACKET,"JOFIT, FULL ZIP, CHARCOAL, LEFT ARM-PEBBLE BEACH LOGO, RIGHT ARM-FEDEX, XL",Apparel,CHARCOAL,XL,11/18/15
CUP2415   ,1,LADIES JACKET,"JOFIT, FULL ZIP, CHARCOAL, LEFT ARM-PEBBLE BEACH LOGO, RIGHT ARM-FEDEX, 2XL",Apparel,CHARCOAL,2XL,11/18/15
CUP2571   ,15,LADIES T-SHIRT,"BELLA/CANVAS, FEDEX",Apparel,PURPLE,SM,8/24/16
CUP2422   ,3,MEN'S PULLOVER,"ADIDAS, BLACK, RIGHT ARM-FEDEX, MD",Apparel,BLACK,MD,5/31/16
CUP2423   ,1,MEN'S PULLOVER,"ADIDAS, BLACK, RIGHT ARM-FEDEX, LG",Apparel,BLACK,LG,5/31/16
CUP2424   ,4,MEN'S PULLOVER,"ADIDAS, BLACK, RIGHT ARM-FEDEX, XL",Apparel,BLACK,XL,11/18/15
CUP2320   ,1,POLO,"WOMEN'S CARBON COLOR, FEDEX CUP/LEFT CHEST, XS",Apparel,CARBON,XS,8/16/16
CUP2321   ,1,POLO,"WOMEN'S CARBON COLOR, FEDEX CUP/LEFT CHEST, SM",Apparel,CARBON,SM,8/16/16
CUP2325   ,4,POLO,"WOMEN'S CARBON COLOR, FEDEX CUP/LEFT CHEST, 2XL",Apparel,CARBON,2XL,7/2/15
CUP2331   ,5,POLO,"MEN'S CARBON COLOR, FEDEX CUP/LEFT CHEST, SM",Apparel,CARBON,SM,8/16/16
CUP2332   ,8,POLO,"MEN'S CARBON COLOR, FEDEX CUP/LEFT CHEST, MD",Apparel,CARBON,MD,8/16/16
CUP2333   ,13,POLO,"MEN'S CARBON COLOR, FEDEX CUP/LEFT CHEST, LG",Apparel,CARBON,LG,8/16/16
CUP2335   ,3,POLO,"MEN'S CARBON COLOR, FEDEX CUP/LEFT CHEST, 2XL",Apparel,CARBON,2XL,8/16/16
CUP2301   ,23,SHIRT,"WHITE W/ PURPLE&ORANGE PLAID, IJP/FESJC, SM",Apparel,PURPLE & ORANGE,SM,7/15/15
CUP2302   ,105,SHIRT,"WHITE W/ PURPLE&ORANGE PLAID, IJP/FESJC, MD",Apparel,PURPLE & ORANGE,MD,7/15/15
CUP2303   ,243,SHIRT,"WHITE W/ PURPLE&ORANGE PLAID, IJP/FESJC, LG",Apparel,PURPLE & ORANGE,LG,7/15/15
CUP2304   ,276,SHIRT,"WHITE W/ PURPLE&ORANGE PLAID, IJP/FESJC, XL",Apparel,PURPLE & ORANGE,XL,7/15/15
CUP2305   ,92,SHIRT,"WHITE W/ PURPLE&ORANGE PLAID, IJP/FESJC, 2XL",Apparel,PURPLE & ORANGE,2XL,7/15/15
CUP1278   ,"1,422",BADGE HOLDER,"4"" X 3"", WITH SLIT",Credentials,,"4"" X 3""",6/19/12
CUP1429   ,63,BADGE HOLDER,BLANK,Credentials,,"4 1/2"" X 8""",4/15/16
CUP2538   ,"5,250",BADGE HOLDERS,"CLEAR, FEDEX LOGO IN PURPLE, 4 1/2 x 8",Credentials,CLEAR,4 1/2 x 8,4/19/16
CUP1237   ,"2,637",CREDENTIAL HOLDER,"4"" X 6"", BLANK",Credentials,,"4"" X 6""",3/23/12
CUP1962   ,405,ENVELOPE,# 10 STRING TIE: PURPLE,Credentials,PURPLE,# 10,5/20/16
CUP1236   ,"1,662",LANYARD,"BLACK, FEDEXCUP",Credentials,BLACK,,10/26/12
CUP2084   ,21,LANYARD,"NAVY: 3/8"": PGA TOUR",Credentials,NAVY,"3/8""",10/11/13
CUP2537   ,"4,750",LANYARD,"3/4"", PURPLE/GREEN/ORANGE MIXED, FEDEXCUP LOGO IN WHITE",Credentials,,,4/15/16
CUP1090   ,6,NAME BADGE,"BLACK, PGA/FEDEX CUP",Credentials,BLACK,,11/18/15
CUP1959   ,418,NAME BADGE,"PURPLE W/MAGNET: FEDEXCUP: 1.5"" X 3""",Credentials,PURPLE,"1.5"" X 3""",2/8/16
CUP1960   ,41,NAME BADGE,"WHITE W/MAGNET: FEDEXCUP: 1.5"" X 3""",Credentials,WHITE,"1.5"" X 3""",6/8/16
CUP2188   ,16,NAME BADGE,"1 3/4"" X 3 1/8"", TAN, FEDEXCUP HOST",Credentials,TAN,"1 3/4"" X 3 1/8""",6/20/16
CUP2547   ,"1,490",NAME BADGE,"SILVER W/ MAGNET, PURPLE FEDEX",Credentials,SILVER,"1.5"" X 3""",8/30/16
CUP2548   ,"1,493",NAME BADGE,"SILVER W/MAGNET, PURPLE FEDEX HOST",Credentials,SILVER,"1.5"" X 3""",8/30/16
CUP2549   ,"5,303",NAME BADGE,"WHITE W/MAGNET, PURPLE/SILVER FEDEX",Credentials,WHITE,"1.5"" X 3""",8/30/16
CUP1694   ,"1,500",TICKET HOLDER,"TWO PART, 4 1/2"" X 9"", BLANK",Credentials,,"4 1/2"" X 9""",6/10/16
CUP1010   ,100,BINOCULARS,"BLACK, BUSHNELL POWERVIEW",Donations,BLACK,,8/12/16
CUP1785   ,41,CAP,LADIES; IMPERIAL: WHITE WITH FEDEXCUP /TOUR CHAMPIONSHIP BY COCA-COLA: POLY/COTTON,Donations,WHITE,,9/9/14
CUP1088   ,5,CLOCK,"WITH SCHEDULE, FEDEX CUP",Donations,,,5/5/10
CUP1588   ,40,COOLER,"BLACK/BLUE, FEDEXCUP",Donations,BLACK/BLUE,,4/20/15
CUP1099   ,58,DIE CAST CAR,"1:24 SCALE, FEDEX CUP",Donations,,1:24 SCALE,12/3/12
CUP1260   ,97,DISPLAY CASE,FOR FEDEXCUP DIECAST,Donations,,,8/10/11
CUP1550   ,137,FLASH DRIVE,"2GB, CREDIT CARD STYLE, FEDEXCUP",Donations,WHITE,2GB,9/25/14
CUP1744   ,40,GIFT SACK # 2,"INCLUDES COTTON CINCHBAG, STAINLESS TUMBLER, CAP, USB DRIVE, LIP BALM, EGRIP, AND TOWEL",Donations,,,7/19/16
CUP1970   ,10,HAT,AHEAD; SANDWICH,Donations,NAVY/KHAKI ,,10/4/12
CUP1971   ,12,HAT,AHEAD; SANDWICH; THE PRESIDENTS CUP,Donations,TAUPE/KHAKI ,,10/4/12
CUP1784   ,27,IPAD CASE,BARRINGTON LEATHER: FEDEXCUP,Donations,,,9/25/14
CUP2011   ,4,JACKET,BLACK W/DOTS; NIKE GOLF; PEBBLE BEACH LOGO L/C - FEDEX BACK YOKE,Donations,BLACK W/DOTS,SM,11/19/12
CUP2012   ,1,JACKET,BLACK W/DOTS; NIKE GOLF; PEBBLE BEACH LOGO L/C - FEDEX BACK YOKE,Donations,BLACK W/DOTS,MD,11/19/12
CUP2123   ,3,JACKET,LADIES EP PRO: LIME GREEN: PEBBLE BEACH/FEDEX: LG,Donations,LIME GREEN,LG,10/24/13
CUP2134   ,6,JACKET,LADIES EP PRO: PINK: PEBBLE BEACH/FEDEX: XL,Donations,PINK,XL,10/24/13
CUP2135   ,2,JACKET,LADIES EP PRO: PINK: PEBBLE BEACH/FEDEX: 2XL,Donations,PINK,2XL,10/24/13
CUP1994   ,57,LUGGAGE TAG,PURPLE; WHITE & PLATINUM FEDEX LOGO,Donations,PURPLE,,7/11/13
CUP1443   ,19,PEDOMETER,"IN GIFT TIN, PGA/FEDEXCUP",Donations,,,9/13/13
CUP1265   ,19,PIN FLAG,"PGA/FEDEX CUP, NO TUBES, FOR FIRST TEE EVENTS",Donations,,,2/8/16
CUP1632   ,5,POLO,"GREG NORMAN, FEDEXCUP",Donations,BLACK,MD,2/12/16
CUP1633   ,19,POLO,"MICRO GINGHAM WOVEN, GREG NORMAN, FEDEXCUP",Donations,BLACK,LG,1/31/14
CUP1634   ,14,POLO,"MICRO GINGHAM WOVEN, GREG NORMAN, FEDEXCUP",Donations,BLACK,XL,4/20/15
CUP1635   ,11,POLO,"MICRO GINGHAM WOVEN, GREG NORMAN, FEDEXCUP",Donations,BLACK,2XL,4/17/14
CUP1642   ,8,POLO,"MICRO GINGHAM WOVEN, GREG NORMAN, FEDEXCUP",Donations,FROST,MD,2/8/16
CUP1643   ,23,POLO,"MICRO GINGHAM WOVEN, GREG NORMAN, FEDEXCUP",Donations,FROST,LG,8/9/16
CUP1644   ,24,POLO,"MICRO GINGHAM WOVEN, GREG NORMAN, FEDEXCUP",Donations,FROST,XL,1/14/15
CUP1645   ,21,POLO,"MICRO GINGHAM WOVEN, GREG NORMAN, FEDEXCUP",Donations,FROST,2XL,5/19/15
CUP1653   ,20,POLO,"TEXTURED JACQUARD, GREG NORMAN, FEDEXCUP",Donations,CARDINAL,LG,6/26/13
CUP1654   ,27,POLO,"TEXTURED JACQUARD, GREG NORMAN, FEDEXCUP",Donations,CARDINAL,XL,3/6/12
CUP1655   ,10,POLO,"TEXTURED JACQUARD, GREG NORMAN, FEDEXCUP",Donations,CARDINAL,2XL,4/17/14
CUP1662   ,11,POLO,"TEXTURED JACQUARD, GREG NORMAN, FEDEXCUP",Donations,YELLOW,MD,2/8/16
CUP1663   ,28,POLO,"TEXTURED JACQUARD, GREG NORMAN, FEDEXCUP",Donations,YELLOW,LG,11/10/11
CUP1664   ,28,POLO,"TEXTURED JACQUARD, GREG NORMAN, FEDEXCUP",Donations,YELLOW,XL,6/29/12
CUP1665   ,13,POLO,"TEXTURED JACQUARD, GREG NORMAN, FEDEXCUP",Donations,YELLOW,2XL,9/3/10
CUP1673   ,1,POLO,"STRIPED, GREG NORMAN, FEDEXCUP",Donations,WHITE,LG,9/5/13
CUP1674   ,28,POLO,"STRIPED, GREG NORMAN, FEDEXCUP",Donations,WHITE,XL,3/6/12
CUP1684   ,5,POLO,"STRIPED, GREG NORMAN, FEDEXCUP",Donations,NAVY,XL,2/8/13
CUP1821   ,7,POLO,GRAY: CRAZY BRAND: FESJC LOGO: SM,Donations,,SM,1/20/12
CUP1822   ,7,POLO,GRAY: CRAZY BRAND: FESJC LOGO: M,Donations,,M,1/29/14
CUP1823   ,19,POLO,GRAY: CRAZY BRAND: FESJC LOGO: LG,Donations,,LG,1/20/12
CUP1824   ,11,POLO,GRAY: CRAZY BRAND: FESJC LOGO: XL,Donations,,XL,6/10/14
CUP1873   ,3,POLO,LADIES' NIKE GOLF ELITE DRI FIT OTTOMAN: VIBRANT BLUE: FEDEXCUP: LG,Donations,VIBRANT BLUE,LG,3/2/16
CUP1874   ,3,POLO,LADIES' NIKE GOLF ELITE DRI FIT OTTOMAN: VIBRANT BLUE: FEDEXCUP: XL,Donations,VIBRANT BLUE,XL,7/18/13
CUP1881   ,3,POLO,LADIES' NIKE GOLF ELITE DRI FIT OTTOMAN: BLACK: FEDEXCUP: SM,Donations,BLACK,SM,7/10/13
CUP1884   ,2,POLO,LADIES' NIKE GOLF ELITE DRI FIT OTTOMAN: BLACK: FEDEXCUP: XL,Donations,BLACK,XL,7/18/13
CUP1071   ,10,"POLO, LADIES","SM, SLATE/NAVY, NIKE, 1-C LOGO ON LEFT CHEST",Donations,SLATE/NAVY,SM,2/18/11
CUP1072   ,2,"POLO, LADIES","MD, SLATE/NAVY, NIKE, 1-C LOGO ON LEFT CHEST",Donations,SLATE/NAVY,MD,2/18/11
CUP1074   ,9,"POLO, LADIES","XL, SLATE/NAVY, NIKE, 1-C LOGO ON LEFT CHEST",Donations,SLATE/NAVY,XL,8/12/10
CUP1075   ,12,"POLO, LADIES","2XL, SLATE/NAVY, NIKE, 1-C LOGO ON LEFT CHEST",Donations,SLATE/NAVY,2XL,5/17/12
CUP1272   ,9,"POLO, LADIES","SM, WHITE, FAIRWAY & GREENE, FEDEX CUP/PGA",Donations,WHITE,SM,9/5/13
CUP1273   ,4,"POLO, LADIES","MD, WHITE, FAIRWAY & GREENE, FEDEX CUP/PGA",Donations,WHITE,MD,9/5/13
CUP1274   ,11,"POLO, LADIES","LG, WHITE, FAIRWAY & GREENE, FEDEX CUP/PGA",Donations,WHITE,LG,8/23/13
CUP1275   ,9,"POLO, LADIES","XL, WHITE, FAIRWAY & GREENE, FEDEX CUP/PGA",Donations,WHITE,XL,8/23/13
CUP1355   ,3,"POLO, LADIES","XL, OLYMPIC BLUE, CALLAWAY DRY SPORT, FEDEXCUP",Donations,OLYMPIC BLUE,XL,3/26/08
CUP1062   ,18,"POLO, MEN'S","MD, SLATE/NAVY, NIKE, 1-C LOGO ON LEFT CHEST",Donations,SLATE/NAVY,MD,7/7/11
CUP1064   ,42,"POLO, MEN'S","XL, SLATE/NAVY, NIKE, 1-C LOGO ON LEFT CHEST",Donations,SLATE/NAVY,XL,2/8/13
CUP1065   ,31,"POLO, MEN'S","2XL, SLATE/NAVY, NIKE, 1-C LOGO ON LEFT CHEST",Donations,SLATE/NAVY,2XL,5/28/14
CUP1270   ,3,"POLO, MEN'S","XL, WHITE, FAIRWAY & GREENE, FEDEX CUP/PGA",Donations,WHITE,XL,11/4/13
CUP1337   ,8,"POLO, MEN'S","MD, OLYMPIC BLUE, CALLAWAY DRYSPORT, FEDEXCUP",Donations,OLYMPIC BLUE,MD,3/27/15
CUP1338   ,19,"POLO, MEN'S","LG, OLYMPIC BLUE, CALLAWAY DRYSPORT, FEDEXCUP",Donations,OLYMPIC BLUE,LG,6/26/13
CUP1339   ,19,"POLO, MEN'S","XL, OLYMPIC BLUE, CALLAWAY DRYSPORT, FEDEXCUP",Donations,OLYMPIC BLUE,XL,1/18/12
CUP1340   ,4,"POLO, MEN'S","2XL, OLYMPIC BLUE, CALLAWAY DRYSPORT, FEDEXCUP",Donations,OLYMPIC BLUE,2XL,5/19/15
CUP1365   ,20,"POLO, MEN'S","LG, STRIPE OLYMPIC BLUE/NAVY, CALLAWAY DRYSPORT, FEDEXCUP",Donations,BLUE STRIPE,LG,8/9/16
CUP1366   ,7,"POLO, MEN'S","XL, STRIPE OLYMPIC BLUE/NAVY, CALLAWAY DRYSPORT, FEDEXCUP",Donations,BLUE STRIPE,XL,2/29/16
CUP1367   ,11,"POLO, MEN'S","2XL, STRIPE OLYMPIC BLUE/NAVY, CALLAWAY DRYSPORT, FEDEXCUP",Donations,BLUE STRIPE,2XL,5/19/15
CUP1261   ,13,POST-IT CUBE,"2 3/4"" SQUARE, FEDEX CUP",Donations,,"2 3/4"" SQUARE",9/17/15
CUP1330   ,27,PUTTING CUP/COASTER,"WHITE, FEDEXCUP",Donations,WHITE,,8/12/10
CUP1602   ,1,RAIN JACKET,"GREG NORMAN, TOUR, FEDEXCUP",Donations,BLACK,MD,9/25/14
CUP1604   ,10,RAIN JACKET,"GREG NORMAN, TOUR, FEDEXCUP",Donations,BLACK,XL,1/14/15
CUP1605   ,6,RAIN JACKET,"GREG NORMAN, TOUR, FEDEXCUP",Donations,BLACK,2XL,5/19/15
SSJC0018  ,7,SCORECARD HOLDER,"FEDEXCUP DEBOSSED, LEATHER",Donations,BLACK,,12/11/14
CUP1612   ,7,"SHIRT, LONG SLEEVE","MICRO GINGHAM WOVEN, GREG NORMAN, FEDEXCUP",Donations,BLACK,MD,12/11/14
CUP1613   ,19,"SHIRT, LONG SLEEVE","MICRO GINGHAM WOVEN, GREG NORMAN, FEDEXCUP",Donations,BLACK,LG,9/13/13
CUP1614   ,24,"SHIRT, LONG SLEEVE","MICRO GINGHAM WOVEN, GREG NORMAN, FEDEXCUP",Donations,BLACK,XL,6/16/10
CUP1615   ,12,"SHIRT, LONG SLEEVE","MICRO GINGHAM WOVEN, GREG NORMAN, FEDEXCUP",Donations,BLACK,2XL,6/16/10
CUP1622   ,6,"SHIRT, LONG SLEEVE","MICRO GINGHAM WOVEN, GREG NORMAN, FEDEXCUP",Donations,COBALT,MD,12/11/14
CUP1623   ,21,"SHIRT, LONG SLEEVE","MICRO GINGHAM WOVEN, GREG NORMAN, FEDEXCUP",Donations,COBALT,LG,9/13/13
CUP1624   ,24,"SHIRT, LONG SLEEVE","MICRO GINGHAM WOVEN, GREG NORMAN, FEDEXCUP",Donations,COBALT,XL,6/16/10
CUP1625   ,12,"SHIRT, LONG SLEEVE","MICRO GINGHAM WOVEN, GREG NORMAN, FEDEXCUP",Donations,COBALT,2XL,6/16/10
CUP1892   ,14,SHOE BAG,LEATHER: FEDEXCUP,Donations,, ,9/4/13
CUP1299   ,3,"STAFF POLO, LADIES","SM, BLACK, NIKE BODY MAPPING, FEDEXCUP/PGA",Donations,BLACK,SM,11/7/13
CUP1300   ,4,"STAFF POLO, LADIES","MD, BLACK, NIKE BODY MAPPING, FEDEXCUP/PGA",Donations,BLACK,MD,8/16/16
CUP1308   ,8,"STAFF POLO, LADIES","SM, WHITE, NIKE BODY MAPPING, FEDEXCUP/PGA",Donations,WHITE,SM,7/18/13
CUP1309   ,4,"STAFF POLO, LADIES","SM, WHITE, NIKE BODY MAPPING, FEDEXCUP/PGA",Donations,WHITE,SM,8/16/16
CUP1310   ,8,"STAFF POLO, LADIES","SM, WHITE, NIKE BODY MAPPING, FEDEXCUP/PGA",Donations,WHITE,SM,8/13/15
CUP1533   ,1,"STAFF POLO, LADIES","NIKE DRI FIT, FEDEXCUP/PGA TOUR",Donations,BLACK,LG,9/5/13
CUP1541   ,2,"STAFF POLO, LADIES","NIKE DRI FIT, FEDEXCUP/PGA TOUR",Donations,WHITE,SM,7/12/13
CUP1543   ,4,"STAFF POLO, LADIES","NIKE DRI FIT, FEDEXCUP/PGA TOUR",Donations,WHITE,LG,7/12/13
CUP1548   ,4,"STAFF POLO, LADIES","NIKE DRI FIT, FEDEXCUP/PGA TOUR",Donations,WHITE,2XL,6/11/15
CUP1296   ,10,"STAFF POLO, MEN'S","LG, BLACK, NIKE BODY MAPPING, FEDEXCUP/PGA",Donations,BLACK,LG,5/19/16
CUP1297   ,7,"STAFF POLO, MEN'S","XL, BLACK, NIKE BODY MAPPING, FEDEXCUP/PGA",Donations,BLACK,XL,2/9/15
CUP1305   ,4,"STAFF POLO, MEN'S","LG, WHITE, NIKE BODY MAPPING, FEDEXCUP/PGA",Donations,WHITE,LG,8/16/16
CUP1306   ,2,"STAFF POLO, MEN'S","XL, WHITE, NIKE BODY MAPPING, FEDEXCUP/PGA",Donations,WHITE,XL,8/16/16
CUP1307   ,4,"STAFF POLO, MEN'S","2XL, WHITE, NIKE BODY MAPPING, FEDEXCUP/PGA",Donations,WHITE,2XL,10/22/11
CUP1511   ,1,"STAFF POLO, MEN'S","NIKE DRI FIT, FEDEXCUP/PGA TOUR",Donations,BLACK,SM,10/22/12
CUP1514   ,21,"STAFF POLO, MEN'S","NIKE DRI FIT, FEDEXCUP/PGA TOUR",Donations,BLACK,XL,8/16/16
CUP1515   ,9,"STAFF POLO, MEN'S","NIKE DRI FIT, FEDEXCUP/PGA TOUR",Donations,BLACK,2XL,5/28/14
CUP1524   ,23,"STAFF POLO, MEN'S","NIKE DRI FIT, FEDEXCUP/PGA TOUR",Donations,WHITE,XL,3/28/13
CUP1525   ,2,"STAFF POLO, MEN'S","NIKE DRI FIT, FEDEXCUP/PGA TOUR",Donations,WHITE,2XL,5/19/15
CUP1322   ,15,STASH TRAY,GIFT WRAPPED,Donations,BLACK,,1/11/12
CUP1589   ,56,"SUNGLASSES, LADIES","CRYSTAL GRAY FRAME, CAPTIVA, IN HARD SHELL CASE",Donations,CRYSTAL GRAY,,9/17/15
CUP1590   ,52,"SUNGLASSES, LADIES","SHINY DARK GOLD FRAME, CAPTIVA, IN HARD SHELL CASE",Donations,DARK GOLD,,5/17/12
CUP1591   ,56,"SUNGLASSES, LADIES","BLACKBERRY FRAME, CAPTIVA, IN HARD SHELL CASE",Donations,BLACKBERRY,,10/30/15
CUP1592   ,127,"SUNGLASSES, MENS","BLACK FRAME, HUNTER MAHAN, IN HARD SHELL CASE",Donations,BLACK,,10/30/15
CUP1803   ,1,SWEATER,PETER MILLAR: CASHMERE: BLACK,Donations,BLACK,LG,1/31/14
CUP1804   ,2,SWEATER,PETER MILLAR: CASHMERE: BLACK,Donations,BLACK,XL,11/4/13
CUP1805   ,4,SWEATER,PETER MILLAR: CASHMERE: BLACK,Donations,BLACK,2XL,9/4/13
CUP1782   ,4,TERVIS TUMBLER,16 OZ WITH LID: FEDEXCUP,Donations,,16 OZ,4/20/15
CUP1418   ,1,"T-SHIRT, REEBOK PLAY DRY, MEN'S","FEDEX CUP ON SLEEVE, TROPHY IMAGE ON LEFT CHEST",Donations,SILVER GRAY,MD,9/25/14
CUP1402   ,38,"T-SHIRT, THE FIRST TEE","MD, WHITE, FEDEXCUP",Donations,WHITE,MD,12/20/10
CUP1403   ,105,"T-SHIRT, THE FIRST TEE","LG, WHITE, FEDEXCUP",Donations,WHITE,LG,6/9/10
CUP1404   ,44,"T-SHIRT, THE FIRST TEE","XL, WHITE, FEDEXCUP",Donations,WHITE,XL,9/24/08
CUP1583   ,8,"T-SHIRT, YOUTH","FEDEXCUP/AUDUBON INT'L/THE FIRST TEE/FEDEXCUP FORE!EVER, 2010",Donations,WHITE,LG,7/5/13
CUP1551   ,87,TUMBLER,"14 OZ, FEDEXCUP",Donations,PURPLE/SILVER,,5/5/15
CUP1552   ,85,TUMBLER,"14 OZ, FEDEXCUP",Donations,WHITE/SILVER,,8/12/16
CUP2115   ,1,VEST,NIKE GOLF: CHARCOAL: PEBBLE BEACH/FEDEX: 2XL,Donations,CHARCOAL,2XL,10/24/13
CUP1469   ,13,"WATCH, LADIES","CALLAWAY STAINLESS, FEDEXCUP ON BACK",Donations,WHITE,,10/11/12
CUP1587   ,55,WHIP TRAINER,ORANGE,Donations,ORANGE,,7/9/13
CUP1699   ,30,WHIP TRAINER,"GOLDEN MODEL, ORANGE",Donations,ORANGE,,7/22/10
CUP1382   ,3,"WINDSHIRT, MEN'S","XL, BLACK, SUN MOUNTAIN, FEDEXCUP/PGA TOUR",Donations,BLACK,XL,5/19/16
CUP1383   ,20,"WINDSHIRT, MEN'S","2XL, BLACK, SUN MOUNTAIN, FEDEXCUP/PGA TOUR",Donations,BLACK,2XL,3/22/13
CUP1921   ,8,WINE CHARMS,BOXED SET OF 4; BOX AND ITEMS LOGO'D WITH FEDEX,Donations,,SET OF 4,9/27/13
CUP1776   ,6,WINE STOPPER,ZIPPO: SILVER,Donations,SILVER,,9/25/14
CUP1795   ,8,WRAP,PETER MILLAR: CASHMERE: BLACK,Donations,BLACK,,11/18/14
CUP1973   ,223,CAP,WHITE/BLACK;  NIKE GOLF STAY COOL;  FESJC ON FRONT,FESJC,WHITE/BLACK,,6/3/16
CUP2594   ,200,CAP,"NIKE, GREY/WHITE, FESJC LOGO IN WHITE",FESJC,GREY/WHITE,,8/24/16
CUP2595   ,204,CAP,"BLUE SEERSUCKER, FESJC LOGO IN FULL COLOR",FESJC,,,8/24/16
CUP1742   ,28,CUP,BLACK: FESJC TWO COLOR LOGO,FESJC,,,6/25/15
CUP2031   ,110,CUP,WHITE: 16 OZ.: FESJC LOGO,FESJC,WHITE,,6/25/15
CUP2281   ,500,CUP,16 OZ CLEAR W/ FESJC IN PURPLE,FESJC,,16 OZ,6/28/16
CUP2553   ,"2,209",HAND FAN,"2 SIDED, HUSH Y'ALL, & COURSE MAP",FESJC,,,8/5/16
CUP2290   ,12,NAPKINS,"DINNER, FESJCM PACK OF 125",FESJC,,,6/28/16
CUP2041   ,2,POLO,SPORT TEK: OASIS GREEN: FESJC LOGO: SM,FESJC,OASIS GREEN,SM,7/5/13
CUP2044   ,2,POLO,SPORT TEK: OASIS GREEN: FESJC LOGO: XL,FESJC,OASIS GREEN,XL,2/8/16
CUP2045   ,3,POLO,SPORT TEK: OASIS GREEN: FESJC LOGO: 2X,FESJC,OASIS GREEN,2X,7/5/13
CUP2051   ,6,POLO,LADIES' SPORT TEK: OASIS GREEN: FESJC LOGO: SM,FESJC,OASIS GREEN,SM,6/11/15
CUP2052   ,4,POLO,LADIES' SPORT TEK: OASIS GREEN: FESJC LOGO: MD,FESJC,OASIS GREEN,MD,6/12/15
CUP2053   ,12,POLO,LADIES' SPORT TEK: OASIS GREEN: FESJC LOGO: LG,FESJC,OASIS GREEN,LG,2/8/16
CUP2054   ,2,POLO,LADIES' SPORT TEK: OASIS GREEN: FESJC LOGO: XL,FESJC,OASIS GREEN,XL,6/25/15
CUP2055   ,3,POLO,LADIES' SPORT TEK: OASIS GREEN: FESJC LOGO: 2X,FESJC,OASIS GREEN,2X,7/5/13
CUP2341   ,2,POLO,"WOMEN'S PURPLE, FEDEX ST. JUDE CLASSIC/LEFT CHEST, SM",FESJC,PURPLE,SM,7/2/15
CUP2342   ,8,POLO,"WOMEN'S PURPLE, FEDEX ST. JUDE CLASSIC/LEFT CHEST, MD",FESJC,PURPLE,MD,7/2/15
CUP2343   ,22,POLO,"WOMEN'S PURPLE, FEDEX ST. JUDE CLASSIC/LEFT CHEST, LG",FESJC,PURPLE,LG,7/2/15
CUP2344   ,8,POLO,"WOMEN'S PURPLE, FEDEX ST. JUDE CLASSIC/LEFT CHEST, XL",FESJC,PURPLE,XL,7/2/15
CUP2345   ,15,POLO,"WOMEN'S PURPLE, FEDEX ST. JUDE CLASSIC/LEFT CHEST, 2XL",FESJC,PURPLE,2XL,7/2/15
CUP2346   ,1,POLO,"WOMEN'S PURPLE, FEDEX ST. JUDE CLASSIC/LEFT CHEST, 3XL",FESJC,PURPLE,3XL,7/2/15
CUP2347   ,1,POLO,"WOMEN'S PURPLE, FEDEX ST. JUDE CLASSIC/LEFT CHEST, 4XL",FESJC,PURPLE,4XL,7/2/15
CUP2351   ,5,POLO,"MEN'S PURPLE, FEDEX ST. JUDE CLASSIC/LEFT CHEST, SM",FESJC,PURPLE,SM,7/2/15
CUP2352   ,6,POLO,"MEN'S PURPLE, FEDEX ST. JUDE CLASSIC/LEFT CHEST, MD",FESJC,PURPLE,MD,7/2/15
CUP2353   ,7,POLO,"MEN'S PURPLE, FEDEX ST. JUDE CLASSIC/LEFT CHEST, LG",FESJC,PURPLE,LG,2/29/16
CUP2354   ,10,POLO,"MEN'S PURPLE, FEDEX ST. JUDE CLASSIC/LEFT CHEST, XL",FESJC,PURPLE,XL,2/29/16
CUP2355   ,16,POLO,"MEN'S PURPLE, FEDEX ST. JUDE CLASSIC/LEFT CHEST, 2XL",FESJC,PURPLE,2XL,7/2/15
CUP2356   ,6,POLO,"MEN'S PURPLE, FEDEX ST. JUDE CLASSIC/LEFT CHEST, 3XL",FESJC,PURPLE,3XL,7/2/15
CUP2598   ,227,POUCH,"RUME, SMALL W/ ZIPPER, WHITE W/ FULL COLOR FESJC LOGO, CORD ORGANIZERS INSIDE",FESJC,,,8/24/16
CUP2184   ,787,SCREEN CLEANER,"DIGICLEAN XTRA, FEDEXCUP ON THANK YOU CARD",FESJC,,,7/29/15
CUP2366   ,6,SIGNAGE,HARDWARE ONLY: FOR 70 X 31 VINYL BANNERS,FESJC,,,7/15/15
CUP1406   ,1,"STAFF ZR JACKET, LADIES","SM, BLACK, ZERO RESTRICTION",FESJC,BLACK,SM,7/12/10
CUP2597   ,9,TOTE,"RUME, COOL GREY, FESJC LOGO",FESJC,COOL GREY,,8/24/16
CUP2276   ,161,UMBRELLA,"SUNDEFYER, NAVY, FESJC LOGO",FESJC,NAVY,,6/28/16
CUP2360   ,2,VINYL BANNER,70 X 31: MCKAYLEE'S RIDE FEDEX ST. JUDE CLASSIC 2012,FESJC,,70 X 31,7/15/15
CUP2361   ,2,VINYL BANNER,70 X 31: FEDEX PURPLE EAGLE,FESJC,,70 X 31,7/15/15
CUP2362   ,2,VINYL BANNER,70 X 31: THE HAYES EXPRESS FEDEX ST. JUDE CLASSIC 2013,FESJC,,70 X 31,7/15/15
CUP2363   ,2,VINYL BANNER,70 X 31: TYLER SOARS FEDEX ST. JUDE CLASSIC 2015: ABOUT TYLER,FESJC,,70 X 31,7/15/15
CUP2364   ,2,VINYL BANNER,70 X 31: TYLER SOARS FEDEX ST. JUDE CLASSIC 2015,FESJC,,70 X 31,7/15/15
CUP2365   ,2,VINYL BANNER,70 X 31: ALLIE'S AIRDANCE FEDEX ST. JUDE CLASSIC 2014,FESJC,,70 X 31,7/15/15
CUP1919   ,75,WATER BOTTLE,FESJC,FESJC,,,2/29/16
CUP2182   ,269,WATER BOTTLE,"TERVIS TUMBLER, GOLF BALL WRAP/FEDEXCUP, 24 OZ",FESJC,,24 OZ,9/17/15
CUP2596   ,202,WATER BOTTLE,"INSULATED, SEERSUCKER, 24 OZ, POLAR BOTTLE, FESJC LOGO",FESJC,,24 OZ,8/24/16
CUP2554   ,125,ZIPPER BAG," ZIPPER BAG W/ AMENITIES (GUM, SUNSCREEN, SANITIZER, SHARPIE)",FESJC,CLEAR/BLACK,,8/5/16
CUP2555   ,147,ZIPPER BAG,"ZIPPER BAG W/ AMENITIES (GUM, SUNSCREEN, SANITIZER, SHARPIE), PLUS A GREY/WHITE HAT",FESJC,CLEAR/BLACK,,8/5/16
CUP2556   ,23,ZIPPER BAG,"ZIPPER BAG W/ AMENITIES (GUM, SUNSCREEN, SANITIZER, SHARPIE), PLUS A SEERSUCKER HAT",FESJC,CLEAR/BLACK,,8/5/16
CUP2557   ,45,ZIPPER BAG,"ZIPPER BAG W/ AMENITIES (GUM, SUNSCREEN, SANITIZER, SHARPIE), PLUS CORD ORGANIZERS, GREY ST. JUDE CLASSIC BAG, SEERSUCKER WATER BOTTLE",FESJC,CLEAR/BLACK,,8/5/16
CUP2560   ,294,ZIPPER BAG,BLACK FEDEX,FESJC,CLEAR/BLACK,,8/24/16
CUP1452   ,10,"TOWEL, WORKOUT","PURPLE, FEDEXCUP/TROPHY ICON",Gift Bags,PURPLE,"12"" X 45""",2/8/16
CUP1262   ,15,GOLF BAG,TITLEIST,Golf Balls,,,10/5/15
CUP1020   ,228,GOLF BALLS,"DOZ., TITLEIST PRO V1, 3-C LOGO",Golf Balls,,DOZ,8/12/16
CUP2190   ,59,GOLF BALLS,"PROV1, FEDEXCUP PLAYOFFS, DOZEN",Golf Balls,,DOZEN,5/31/16
CUP1465   ,5,GOLF CLUB SHIPPING CASE,HARD,Golf Balls,BLACK,,8/27/13
CUP1096   ,5,APRON,"BLACK, PGA/FEDEX CUP",Hospitality Supplies,BLACK,,6/10/15
CUP1485   ,11,APRON,WITH FEDEXCUP IN WHITE,Hospitality Supplies,BLUE,,10/11/13
CUP1486   ,9,APRON,WITH FEDEXCUP IN WHITE,Hospitality Supplies,HOT PINK,,9/25/14
CUP1487   ,10,APRON,WITH FEDEXCUP IN WHITE,Hospitality Supplies,ROYAL,,9/17/13
CUP1488   ,8,APRON,WITH FEDEXCUP IN WHITE,Hospitality Supplies,ORANGE,,9/25/14
CUP1489   ,8,APRON,WITH FEDEXCUP IN WHITE,Hospitality Supplies,PURPLE,,10/22/12
CUP1490   ,5,APRON,WITH FEDEXCUP IN WHITE,Hospitality Supplies,RED,,10/3/11
CUP1491   ,18,APRON,WITH FEDEXCUP IN WHITE,Hospitality Supplies,GREEN,,9/25/14
CUP1861   ,7,APRON,BLACK: FEDEXCUP,Hospitality Supplies,BLACK,,5/16/16
CUP2030   ,11,APRON,BLACK: PGA/FEDEXCUP PLAYOFFS,Hospitality Supplies,BLACK,,10/9/15
CUP1975   ,625,AUTOGRAPH CARDS,"7"" X 5 1/4"" FEDEXCUP WITH TROPHY",Hospitality Supplies,,,8/23/16
CUP2070   ,313,AUTOGRAPH CARDS,2013 FEDEXCUP PLAYOFFS,Hospitality Supplies,,,2/8/16
CUP1737   ,60,BAG,"FROSTED WITH HANDLES: FEDEX IN PURPLE: 18"" X 24""",Hospitality Supplies,FROSTED W/FEDEX IN PURPLE,"18"" x 24""",2/6/13
CUP1738   ,"1,211",BAG,"FROSTED W/HANDLES: 16"" X 12"": FEDEX IN BLACK",Hospitality Supplies,FROSTED W/ BLK FEDEX,,3/28/13
CUP2193   ,664,BAG,"PLASTIC, 12 X 12 X 6",Hospitality Supplies,,12 X 12 X 6,10/9/15
CUP1400   ,79,BEVERAGE NAPKINS,"200 PACK, WHITE, FEDEXCUP/WE UNDERSTAND",Hospitality Supplies,WHITE,200 PACK,6/28/16
CUP1335   ,51,CHAIR COVER,"BLACK, SPANDEX",Hospitality Supplies,BLACK,,7/12/10
CUP2559   ,216,CHAMPAGNE FLUTE,"GOVINO, NO IMPRINT",Hospitality Supplies,,,8/5/16
CUP2540   ,29,CINCH BAG,"CLEAR W/BLACK, W/ BLACK/CHARCOAL CAP,HAND SANITIZER, GUM, LIP BALM, LOTION, BLACK SHARPIE, FEDEXCUP",Hospitality Supplies,CLEAR,,8/24/16
CUP2542   ,97,CINCH BAG,"CLEAR W/BLACK, W/ HAND SANITIZER, GUM, LIP BALM, LOTION, BLACK SHARPIE, FEDEXCUP (NO CAP)",Hospitality Supplies,CLEAR,,7/13/16
CUP2194   ,"1,006",CINCHBAG,"BLACK/WHITE, FEDEXCUP",Hospitality Supplies,BLACK/WHITE,,7/7/16
CUP1085   ,265,CUP,"10 OZ., FROSTED, FEDEX CUP",Hospitality Supplies,,10 OZ,6/25/15
CUP1862   ,"50,237",CUP,17 OZ PURPLE WITH WHITE FEDEXCUP,Hospitality Supplies,17 OZ,PURPLE,6/10/16
CUP1965   ,399,CUP,10 OZ FROSTED TUMBLER: TRANSLUCENT: NO LOGO,Hospitality Supplies,,10 OZ,2/8/16
CUP2063   ,"6,500",CUP,16 OZ PURPLE : FEDEX IN SILVER,Hospitality Supplies,PURPLE,16 OZ,6/9/16
CUP2066   ,"5,529",CUP,16 OZ WHITE : FEDEXCUP PLAYOFFS LOGO,Hospitality Supplies,WHITE,16 OZ.,8/30/16
CUP1329   ,9,FISH BOWL,"ROUND, 10 3/4"" X 9 1/2"" WITH LID",Hospitality Supplies,,,8/21/14
CUP2163   ,1,FRAME,"20 1/2"" X 28 1/2"", SILVER METAL",Hospitality Supplies,SILVER,"20 1/2"" X 28 1/2""",1/14/14
CUP1967   ,3,FRAME,"9.5"" X 7.5""",Hospitality Supplies,,"9.5"" X 7.5""",6/28/12
CUP2160   ,1,FRAMED IMAGES,"MISC, 19"" X 23"", BLACK METAL FRAME",Hospitality Supplies,BLACK,"19"" X 23""",1/14/14
CUP2161   ,3,FRAMES,"23"" X 31"", BROWN WOODEN",Hospitality Supplies,BROWN,"23"" X 31""",1/14/14
CUP2162   ,2,FRAMES,"19"" X 23"", BLACK METAL",Hospitality Supplies,BLACK,"19"" X 23""",1/14/14
CUP2552   ,"1,024",FROST CUPS,FROST CUPS WITH PURPLE  LID AND STRAW,Hospitality Supplies,FROST/PURPLE,,8/5/16
CUP2200   ,105,GIFT BAG,"BLACK, FEDEXCUP PLAYOFFS, 10 X 13",Hospitality Supplies,BLACK,10 X 13,10/9/15
CUP1401   ,11,GOLF GLOBE GAME,WITH FEDEXCUP BALL,Hospitality Supplies,,,2/10/16
CUP1961   ,"1,158",GUM,PROMO PACK: FEDEXCUP,Hospitality Supplies,,,8/24/16
CUP2197   ,17,GUM PACK,"FEDEXCUP, TROPHY ICON",Hospitality Supplies,,,3/17/16
CUP2198   ,229,HAND SANITIZER,"1 OZ SPRAY, FEDEXCUP",Hospitality Supplies,,1 OZ,10/9/15
CUP1968   ,3,IPAD COVERS/LOCKS,,Hospitality Supplies,,,7/3/12
CUP2183   ,1,KEURIG COFFEE SYSTEM,AND ACCESSORIES,Hospitality Supplies,,,4/19/16
CUP2592   ,572,LID,EXTRA PIECE FOR ITEM CUP2552,Hospitality Supplies,PURPLE,,8/24/16
CUP2013   ,279,LIP BALM,FEDEX CUP; NATURAL FLAVOR,Hospitality Supplies,,,10/9/15
CUP2367   ,"3,257",LIP BALM,LIP BALM: FEDEX CUP: NATURAL FLAVOR: GOLF BALL CAP,Hospitality Supplies,,,8/24/16
CUP1957   ,191,NAPKIN,BEVERAGE; FEDEXCUP (PURPLE),Hospitality Supplies,,PACK OF 250,6/28/16
CUP1958   ,99,NAPKIN,DINNER; FEDEXCUP (PURPLE),Hospitality Supplies,,PACK OF 200,6/28/16
CUP2064   ,52,NAPKIN,BEVERAGE: FEDEX IN PURPLE : PK OF 50,Hospitality Supplies,,PK OF 50,7/26/16
CUP2068   ,17,NAPKIN,DINNER: FEDEXCUP PLAYOFF LOGO: PK OF 25,Hospitality Supplies,,PK OF 25,8/30/16
CUP2284   ,587,NAPKIN,"BEVERAGE, WHITE, FEDEXCUP, PK OF 200",Hospitality Supplies,WHITE,PK OF 200,6/20/16
CUP2285   ,936,NAPKIN,"DINNER, WHITE, FEDEXCUP, PK OF 125",Hospitality Supplies,WHITE,PK OF 125,6/28/16
CUP2544   ,25,NAPKIN,"DINNER, PK OF 200, PURPLE/PLATINUM FEDEX LOGO",Hospitality Supplies,PURPLE/PLATINUM,,6/2/16
CUP2545   ,10,NAPKIN," BEVERAGE, PK OF 250, PURPLE/PLATINUM FEDEX LOGO",Hospitality Supplies,PURPLE/PLATINUM,,6/2/16
CUP1924   ,6,NAPKIN HOLDER,"WHITE, PURPLE FEDEXCUP LOGO",Hospitality Supplies,WHITE,,5/23/16
CUP2278   ,9,NAPKINS,"BEVERAGE, PK OF 50, ""YOU CAN COUNT ON US""",Hospitality Supplies,,PK OF 50,6/3/16
CUP2279   ,24,NAPKINS,"BEVERAGE, PK OF 50, ""YOU KNOW WINE MAKING""",Hospitality Supplies,,PK OF 50,4/19/16
CUP1410   ,520,PHOTO HOLDER,"WHITE, FEDEXCUP",Hospitality Supplies,WHITE,,11/20/14
CUP2551   ,11,PILLOWS,PURPLE FEDEX PILLOWS,Hospitality Supplies,PURPLE,,8/5/16
CUP1235   ,1,PIN FLAG,"SET OF 18, FEDEXCUP",Hospitality Supplies,,SET OF 18,7/27/16
CUP1258   ,1,PIN FLAG,"SET OF 18, (SET #3), MULTIPLE OPCOS",Hospitality Supplies,,,6/5/08
CUP2062   ,55,PIN FLAG,2013 PGA/FEDEXCUP PLAYOFFS,Hospitality Supplies,,,5/1/14
CUP2081   ,59,PIN FLAG,FEDEXCUP,Hospitality Supplies,,,4/28/16
CUP2191   ,31,PIN FLAG,FEDEXCUP PLAYOFFS 2014,Hospitality Supplies,,,9/25/14
CUP2192   ,25,PIN FLAG,FEDEXCUP PLAYOFFS,Hospitality Supplies,,,8/14/15
CUP1328   ,"7,825",PLASTIC BALL SPOTTER,"BLACK, FEDEXCUP",Hospitality Supplies,BLACK,,7/5/13
CUP2392   ,12,PLATES,DINNER PLATE: BAMBOO: 25 PER PACK: FEDEX,Hospitality Supplies,,25 PER PK,6/28/16
CUP1585   ,"6,412",PONCHO,FEDEXCUP IN PURPLE,Hospitality Supplies,WHITE,,6/28/16
PGA1090   ,93,PONCHO,FEDEX S/R LOGO,Hospitality Supplies,WHITE,,11/18/15
CUP2310   ,4,RAFFLE BOX,PLEXI GLASS,Hospitality Supplies,,,7/2/15
CUP1964   ,225,SEAT CUSHION,PURPLE: FEDEXCUP,Hospitality Supplies,PURPLE,,10/16/13
CUP2280   ,154,SHARPIE,ULTRA FINE RETRACTABLE: BLACK: FEDEXCUP,Hospitality Supplies,BLACK,,8/24/16
CUP2593   ,662,STRAW,EXTRA PIECE FOR ITEM CUP2552,Hospitality Supplies,PURPLE,,8/24/16
CUP2202   ,"12,519",SUNSCREEN,1 OZ FEDEXCUP,Hospitality Supplies,,1 OZ,8/24/16
CUP1736   ,"2,262",SUNSCREEN PACKET,"SPF 15, FEDEXCUP",Hospitality Supplies,,,6/23/14
CUP1223   ,3,TABLECLOTH,"6', BLACK, SPANDEX",Hospitality Supplies,BLACK,6',9/10/10
CUP1224   ,40,TABLECLOTH,"48"", SILVER, SPANDEX",Hospitality Supplies,SILVER,"48""",5/19/09
CUP1225   ,15,TABLECLOTH,"72"", SILVER, SPANDEX",Hospitality Supplies,SILVER,"72""",1/19/10
CUP1242   ,2,TABLECLOTH,"60/72"", BLACK, SPANDEX",Hospitality Supplies,BLACK,"60/72""",1/19/10
CUP1333   ,7,TABLECLOTH,"24"" X 48"", BLACK, SPANDEX",Hospitality Supplies,BLACK,"24"" x 48""",3/2/11
CUP1334   ,19,TABLECLOTH,"30"", BLACK, ROUND, SPANDEX",Hospitality Supplies,BLACK,"30""",5/16/16
CUP1733   ,2,TABLECLOTH,"FOR 4' TABLE, BLACK POLY POPLIN, FEDEX IN WHITE/ORANGE",Hospitality Supplies,BLACK,4',5/7/12
PGA1775   ,4,TABLECLOTH,"PURPLE, WITH WHITE/ORANGE LOGO",Hospitality Supplies,PURPLE,6',11/18/15
CUP1690   ,58,TOTE,"BOAT GROMMET, PGA TOUR/FEDEX",Hospitality Supplies,BLACK,,10/24/13
CUP1966   ,2,TRIPOD,BLACK COLLAPSIBLE,Hospitality Supplies,BLACK,,11/18/15
CUP1276   ,124,UMBRELLA,"BLACK/WHITE, GUSTBUSTER, FEDEX CUP/PGA",Hospitality Supplies,BLACK/WHITE,,10/9/15
CUP1428   ,3,UMBRELLA,PURPLE/WHITE,Hospitality Supplies,,,1/31/13
CUP1692   ,26,UMBRELLA,"BLACK, FEDEXCUP, FULL SIZE",Hospitality Supplies,BLACK,FULL SIZE,3/17/16
CUP2036   ,264,WINE GLASS,GOVINO STEMLESS: FEDEXCUP LOGO,Hospitality Supplies,,,6/28/16
CUP1593   ,"3,023",WRISTBAND,PURPLE CLOTH - FEDEXCUP,Hospitality Supplies,PURPLE,,8/23/16
CUP1594   ,"3,111",WRISTBAND,ORANGE CLOTH - FEDEXCUP,Hospitality Supplies,ORANGE,,8/30/16
CUP1595   ,"4,155",WRISTBAND,GREEN CLOTH - FEDEXCUP,Hospitality Supplies,GREEN,,8/30/16
CUP1596   ,"3,814",WRISTBAND,BLACK CLOTH - FEDEXCUP,Hospitality Supplies,BLACK,,2/8/16
CUP2275   ,"5,400",WRISTBAND,"3/4"" RED TYVEK, FEDEX",Hospitality Supplies,RED,"3/4""",5/27/16
CUP2277   ,"1,018",WRISTBAND,"CLOTH, BLUE, FEDEXCUP",Hospitality Supplies,BLUE,,8/30/16
CUP2558   ,122,WRISTBANDS,NO IMPRINT,Hospitality Supplies,PURPLE/RED/ORANGE,,8/5/16
CUP2590   ,375,WRISTBANDS,NO IMPRINT,Hospitality Supplies,RED,,8/24/16
CUP2591   ,483,WRISTBANDS,NO IMPRINT,Hospitality Supplies,ORANGE,,8/24/16
CUP2079   ,"2,214",CARD,"FEDEX FREIGHT INFO: 5"" X 11""",Iconic,,"5"" X 11""",9/11/13
CUP2076   ,2,GOLF BAG,BLACK/GRAY: NIKE PERFORMANCE HYBRID:,Iconic,BLACK/GRAY,,5/13/14
CUP2075   ,1,GOLF BALLS,TITLEIST PROV1: DOZEN: FEDEX,Iconic,,DOZEN,12/13/13
CUP2072   ,2,GOLF TRAVEL BAG,OGIO STRAIGHT JACKET: BLACK: FEDEX,Iconic,BLACK,,5/13/14
CUP2071   ,1,HAT,WHITE/BLACK: FITTED STRETCH: PGA/FEDEXCUP,Iconic,WHITE/BLACK,,12/13/13
CUP2078   ,28,LOCK,COMBO: WHITE: FEDEX FREIGHT,Iconic,WHITE,,10/11/13
CUP2080   ,142,LOCK,BLACK: COMBO: FEDEX FREIGHT,Iconic,BLACK,,10/11/13
CUP2077   ,18,UMBRELLA,BLACK: NIKE WINDSHEER HYBRID,Iconic,BLACK,,5/13/14
CUP2601   ,4,BANNER,"FEDEX CARES, COMPANION FOR A-FRAME SIGNS",Miscellaneous,,,8/24/16
CUP2015   ,768,BINOCULARS,PURPLE BODY/GREEN ACCENTS,Miscellaneous,PURPLE/GREEN,,6/23/14
CUP2141   ,9,BLANKET,SHERPA: CAMEL: PEBBLE BEACH,Miscellaneous,CAMEL,,11/3/15
CUP2430   ,1,BOARD,"CURRENT STANDINGS, FEDEXCUP LOGO",Miscellaneous,,,2/8/16
CUP2206   ,25,BOOK,BEYOND THE FAIRWAYS AND GREENS,Miscellaneous,,,11/20/14
CUP1788   ,35,BOTTLE HOLDERS,(FOR COCA-COLA BOTTLES): FEDEX TUBE,Miscellaneous,,,10/17/11
CUP1098   ,28,BUCKET,"BLACK, GOLF BALL, FOR GIFT PURPOSES",Miscellaneous,BLACK,,9/25/14
CUP2372   ,1,CALENDAR BOARD,MAGNETIC: FEDEX CUP,Miscellaneous,,,8/6/15
CUP2270   ,84,CAP,"ROYAL, RYDER CUP 2014, GLENEAGLES, SCOTLAND, FEDEX ON SIDE/SCOTTISH FLAG ON BACK",Miscellaneous,ROYAL,,12/2/14
CUP2309   ,366,CHARGER,"SOLAR + FLASHLIGHT, BLACK, FEDEX CUP",Miscellaneous,BLACK,,7/20/15
CUP2368   ,3,CINCH BAG,CLEAR W/ PURPLE: FEDEX CUP,Miscellaneous,,,10/28/15
CUP2369   ,6,CINCH BAG,WITH AMENITIES: CLEAR W/ PURPLE: FEDEX CUP,Miscellaneous,,,10/28/15
CUP2394   ,"1,549",CINCH BAG,CLEAR W/ BLACK: FEDEX CUP,Miscellaneous,,,4/19/16
CUP2273   ,3,CRYSTAL GLASSES,"RYDER CUP 2014, GLEN CAIRN, SET OF 2",Miscellaneous,,SET OF 2,12/2/14
CUP2283   ,79,CUP,"VINO2GO W/ CLEAR LID, FEDEX",Miscellaneous,,,11/18/15
CUP2543   ,77,DRAWSTRING POUCH,"PINK, FEDEX CUP IN WHITE",Miscellaneous,PINK,,6/8/16
CUP2204   ,2,FIRST AID KIT,SMALL,Miscellaneous,,,10/16/14
CUP1325   ,20,GIFT BAG,"10"" X 8"", BLACK, GLOSSY WITH FEDEXCUP LOGO",Miscellaneous,BLACK,"10"" X 8""",7/12/10
CUP1326   ,19,GIFT BAG,"10"" X 8"", BLACK, GLOSSY",Miscellaneous,BLACK,"10"" X 8""",7/12/10
CUP1219   ,1,GOLF BAG,"HALL OF FAME, VARIOUS AUTOGRAPHS",Miscellaneous,,,8/12/10
CUP1315   ,2,GOLF BAG,"BELDING, FEDEXCUP/THE FIRST TEE",Miscellaneous,,,3/6/14
CUP1993   ,1,GOLF BAG,IJP DESIGN;  BLUE PLAID (NO LOGO),Miscellaneous,BLUE PLAID,,11/19/12
CUP2203   ,16,GOODIE BAG,"BLACK: BLACK HAT, SUNSCREEN, LIP BALM, GUM, SHARPIE, AND SANITIZER",Miscellaneous,,,8/9/16
CUP2393   ,945,HERO CARDS,BILLY HORSCHEL,Miscellaneous,,,8/13/15
CUP2210   ,8,JACKET,"LADIES SUNICE, WHITE, PEBBLE BEACH, XS",Miscellaneous,WHITE,XS,11/20/14
CUP2211   ,5,JACKET,"LADIES SUNICE, WHITE, PEBBLE BEACH, SM",Miscellaneous,WHITE,SM,11/20/14
CUP2251   ,8,JACKET,"ABACUS NAVY FULL-ZIP, RYDER CUP 2014,  l/C FEDEX ON SLEEVE, SM",Miscellaneous,NAVY,SM,12/2/14
CUP2252   ,4,JACKET,"ABACUS NAVY FULL-ZIP, RYDER CUP 2014,  l/C FEDEX ON SLEEVE, MD",Miscellaneous,NAVY,MD,5/31/16
CUP2253   ,7,JACKET,"ABACUS NAVY FULL-ZIP, RYDER CUP 2014,  l/C FEDEX ON SLEEVE, LG",Miscellaneous,NAVY,LG,12/2/14
CUP2261   ,4,JACKET,"LADIES ABACUS NAVY FULL-ZIP, RYDER CUP 2014, l/C FEDEX ON SLEEVE, SM",Miscellaneous,NAVY,SM,12/2/14
CUP2262   ,3,JACKET,"LADIES ABACUS NAVY FULL-ZIP, RYDER CUP 2014, l/C FEDEX ON SLEEVE, MD",Miscellaneous,NAVY,MD,12/2/14
CUP2263   ,1,JACKET,"LADIES ABACUS NAVY FULL-ZIP, RYDER CUP 2014, l/C FEDEX ON SLEEVE, LG",Miscellaneous,NAVY,LG,12/2/14
CUP2381   ,1,JACKET,ZERO RESTRICTION: GRAY: FEDEX CUP: SM,Miscellaneous,GRAY,SM,8/6/15
CUP2384   ,1,JACKET,ZERO RESTRICTION: GRAY: FEDEX CUP: XL,Miscellaneous,GRAY,XL,8/6/15
CUP2533   ,41,JOURNAL,"FEDEXCUP, BLACK, 8X10",Miscellaneous,BLACK,,3/4/16
CUP2534   ,7,JOURNAL,"FEDEXCUP, BLACK, 6X9",Miscellaneous,BLACK,,3/4/16
CUP2060   ,2,KEY,FOR TROPHY CUP1313,Miscellaneous,,,6/14/16
CUP2061   ,2,KEY,FOR TROPHY BASE CUP1314,Miscellaneous,,,6/10/16
CUP2390   ,4,LOGO COVER-UP MATERIAL,FEDEX GROUND,Miscellaneous,,,8/13/15
CUP2185   ,1,MANNEQUINS,"FOR USE AT EVENTS, BOX INCLUDES 3",Miscellaneous,BOX INCLUDES 2,,7/18/14
CUP1089   ,"1,271",MINTS,"GOLF BALL TIN, FEDEX CUP",Miscellaneous,,,10/9/15
CUP1996   ,3,NAME TAG,FEDEX CUP; WHITE BACKGROUND: DON COLLERAN,Miscellaneous,WHITE BACKGROUND,,9/15/15
CUP1997   ,4,NAME TAG,FEDEX CUP; WHITE BACKGROUND; DAN MULLALLY,Miscellaneous,WHITE BACKGROUND,,9/15/15
CUP1953   ,15,NAPKIN,DINNER; FESJC,Miscellaneous,WHITE,PACK OF 50,6/25/15
CUP2289   ,16,NECKLACE,"GOLF BALL PENDANT, SILVER CHAIN, TOKENS & ICONS",Miscellaneous,,,6/11/15
CUP1810   ,602,NOTEBOOK,"5"" X 7"": FEDEXCUP: FLORENTINE LEATHER",Miscellaneous,,"5"" X 7""",4/29/16
CUP1777   ,1,PAINTING,5' X 7' : LUKE DONALD,Miscellaneous,,5' X 7',10/17/11
CUP1780   ,1,PAINTING,5' X 7' : JIM FURYK,Miscellaneous,,5' X 7',9/15/11
CUP1781   ,1,PAINTING,5' X 7' : ADAM SCOTT,Miscellaneous,,5' X 7',10/17/11
CUP1783   ,1,PAINTING,CHARLEY HOFFMAN: 5' x 7',Miscellaneous,,5' x 7',9/15/11
CUP1790   ,1,PAINTING,WEBB SIMPSON: 5' X 7',Miscellaneous,,5' X 7',10/17/11
CUP1791   ,1,PAINTING,HUNTER MAHAN: 5' X 7',Miscellaneous,,5' X 7',10/17/11
CUP1893   ,1,PAINTING,JASON DAY,Miscellaneous,," 24"" X 36""",3/13/12
CUP1894   ,1,PAINTING,LUKE DONALD,Miscellaneous,," 24"" X 36""",3/13/12
CUP1895   ,1,PAINTING,RICKIE FOWLER,Miscellaneous,," 24"" X 36""",3/13/12
CUP1896   ,1,PAINTING,JIM FURYK,Miscellaneous,," 24"" X 36""",3/13/12
CUP1897   ,1,PAINTING,BILL HAAS,Miscellaneous,," 24"" X 36""",3/13/12
CUP1898   ,1,PAINTING,CHARLEY HOFFMAN,Miscellaneous,," 24"" X 36""",3/13/12
CUP1899   ,1,PAINTING,DUSTIN JOHNSON,Miscellaneous,," 24"" X 36""",3/13/12
CUP1900   ,1,PAINTING,HUNTER MAHAN,Miscellaneous,," 24"" X 36""",3/13/12
CUP1901   ,1,PAINTING,ADAM SCOTT,Miscellaneous,," 24"" X 36""",3/13/12
CUP1902   ,1,PAINTING,WEBB SIMPSON,Miscellaneous,," 24"" X 36""",3/13/12
CUP1903   ,1,PAINTING,JASON DAY,Miscellaneous,," 48"" X 72""",3/13/12
CUP1904   ,1,PAINTING,RICKIE FOWLER,Miscellaneous,," 48"" X 72""",3/13/12
CUP1905   ,1,PAINTING,BILL HAAS,Miscellaneous,," 48"" X 72""",3/13/12
CUP1906   ,1,PAINTING,DUSTIN JOHNSON,Miscellaneous,," 48"" X 72""",3/13/12
CUP1956   ,3,PELICAN,FOR FEDEXCUP SHIPPING,Miscellaneous,,,10/11/13
CUP1907   ,5,PHOTO OF PAINTING,JASON DAY,Miscellaneous,," 18"" X  24""",6/5/12
CUP1908   ,5,PHOTO OF PAINTING,LUKE DONALD,Miscellaneous,," 18"" X  24"" ",3/16/12
CUP1909   ,5,PHOTO OF PAINTING,RICKIE FOWLER,Miscellaneous,," 18"" X 24""",3/16/12
CUP1910   ,6,PHOTO OF PAINTING,JIM FURYK,Miscellaneous,," 18"" X  24""",3/13/12
CUP1911   ,5,PHOTO OF PAINTING,BILL HAAS,Miscellaneous,,"18"" X  24"" ",6/5/12
CUP1912   ,6,PHOTO OF PAINTING,CHARLEY HOFFMAN,Miscellaneous,," 18"" X 24""",3/13/12
CUP1913   ,5,PHOTO OF PAINTING,DUSTIN JOHNSON,Miscellaneous,,"18"" X 24""",6/5/12
CUP1914   ,5,PHOTO OF PAINTING,HUNTER MAHAN,Miscellaneous,," 18"" X 24"" ",6/5/12
CUP1915   ,6,PHOTO OF PAINTING,ADAM SCOTT,Miscellaneous,," 18"" X 24"" ",3/13/12
CUP1916   ,5,PHOTO OF PAINTING,WEBB SIMPSON,Miscellaneous,," 18"" X 24"" ",6/5/12
CUP1917   ,1,PHOTO OF PAINTING,RICKIE FOWLER,Miscellaneous,," 48"" X 72""",3/13/12
CUP1925   ,1,PILLOW,"WHITE SATIN, PURPLE & GRAY FEDEX LOGO",Miscellaneous,WHITE SATIN,,5/23/16
CUP1693   ,9,PIN FLAG,"TROPHY ICON, FOR AUTOGRAPHS",Miscellaneous,,,6/23/14
CUP2271   ,2,PIN FLAG,"RYDER CUP 2014, AUTOGRAPHED (PATRICK REED, MATT KUCHAR, JUSTIN ROSE, MARTIN KAYMER, SERGIO GARCIA, HENRIK STENSON)",Miscellaneous,,,2/18/16
CUP2272   ,2,PIN FLAG,RYDER CUP 2014,Miscellaneous,,,12/2/14
CUP2231   ,6,POLO,"LADIES ABACUS, WHITE, RYDER CUP 2014, l/C FEDEX ON SLEEVE, SM",Miscellaneous,WHITE,SM,12/2/14
CUP2241   ,12,POLO,"ABACUS NAVY, RYDER CUP 2014,  l/C FEDEX ON SLEEVE, SM",Miscellaneous,NAVY,SM,12/2/14
CUP2242   ,12,POLO,"ABACUS NAVY, RYDER CUP 2014,  l/C FEDEX ON SLEEVE, MD",Miscellaneous,NAVY,MD,12/2/14
CUP2243   ,11,POLO,"ABACUS NAVY, RYDER CUP 2014,  l/C FEDEX ON SLEEVE, LG",Miscellaneous,NAVY,LG,12/2/14
CUP2221   ,1,PULLOVER,"SUNICE, NAVY, PEBBLE BEACH, SM",Miscellaneous,NAVY,SM,11/20/14
CUP2222   ,2,PULLOVER,"SUNICE, NAVY, PEBBLE BEACH, MD",Miscellaneous,NAVY,MD,11/20/14
CUP2223   ,3,PULLOVER,"SUNICE, NAVY, PEBBLE BEACH, LG",Miscellaneous,NAVY,LG,11/20/14
CUP2224   ,5,PULLOVER,"SUNICE, NAVY, PEBBLE BEACH, XL",Miscellaneous,NAVY,XL,5/31/16
CUP2165   ,7,RANGEFINDER,BUSHNELL V3 TOUR PATRIOT,Miscellaneous,,,10/13/14
CUP2370   ,267,SELFIE STICK,BLACK: FEDEX CUP,Miscellaneous,BLACK,,8/6/15
CUP2602   ,"3,975",SHARPIE,"BLACK, FEDEXCUP FINE POINT RETRACTABLE",Miscellaneous,BLACK,,8/24/16
CUP2189   ,1,SHIPPING CASE,BLACK,Miscellaneous,BLACK,,9/5/14
CUP2143   ,5,SIGNAGE,"FEDEX INVITATIONAL AT PEBBLE BEACH: CLOSEST TO THE PIN: 18"" X 24""",Miscellaneous,,"18"" X 24""",4/17/15
CUP2144   ,3,SIGNAGE,"FEDEX INVITATIONAL AT PEBBLE BEACH: HOLE IN ONE: 18"" X 24""",Miscellaneous,,"18"" X 24""",4/17/15
CUP2308   ,75,SPEAKER,"BLUETOOTH, BLACK, FEDEX CUP",Miscellaneous,BLACK,,5/18/16
CUP1969   ,20,TERVIS TUMBLER,24 OZ; MUIRFIELD VILLAGE GOLF CLUB,Miscellaneous,,,10/4/12
CUP2599   ,1,TIFFANY BOX,"FLANNEL BAGS FOR TROPHY AND BASE, INSPECTION GLOVES INSIDE",Miscellaneous,,,8/24/16
CUP1313   ,1,TROPHY # 2,FEDEXCUP,Miscellaneous,,,6/14/16
CUP1314   ,1,TROPHY BASE # 2,FOR FEDEXCUP TROPHY,Miscellaneous,,,6/10/16
CUP2546   ,"4,940",WATER BOTTLE,"INSULATED, POLAR BOTTLE, FEDEX CUP",Miscellaneous,,24 OZ,7/13/16
CUP2371   ,1,WHITE BOARD,MAGNETIC: FEDEX CUP,Miscellaneous,,,8/6/15
CUP2307   ,344,WINE CARRIER,"2 BOTTLE, BLACK, FEDEX CUP",Miscellaneous,BLACK,,5/31/16
CUP2142   ,54,WINE SKIN,CLEAR : FEDEX,Miscellaneous,,,10/13/14
CUP2145   ,716,DUFFEL,OGIO: FEDEXCUP,Premium Give-aways,WHITE,,8/9/16
CUP1793   ,4,SKY CADDIE SG5 GPS,WITH TEMPORARY CART MOUNT,Premium Give-aways,,,1/21/13
CUP2550   ,1,BACKDROP,"FEDEX CARES, STEP AND REPEAT PATTERN",Signage,,,8/22/16
CUP2532   ,1,BANNER,"WHITE, FEDEXCUP, LARGE",Signage,WHITE,,3/4/16
CUP2311   ,1,DATED SIGNAGE,"MEET BILLY HORSCHEL, WED. JUNE 10",Signage,,,6/25/15
PGA1795   ,1,DRY ERASE BOARD,,Signage,,,8/6/07
CUP2531   ,7,PIN FLAG,"FEDEXCUP PLAYOFFS, PGA LOGO, WHITE, 2015",Signage,WHITE,,3/4/16
CUP1922   ,2,SIGN,"2-SIDED DIRENCTIONAL; WHITE & GRAY FEDEX LOGO, SIGN PURPLE, ARROWS WHITE",Signage,,,5/16/16
CUP2541   ,1,SIGN,"METAL, ""LOBBY SIGN"", 70W X 21H, FEDEX LOGO",Signage,,,5/4/16
CUP1976   ,1,SIGNAGE,PGA/FEDEXCUP;  WELCOME FEDEX GUESTS,Signage,BLACK,2' X 3',11/18/15
CUP1977   ,1,SIGNAGE,PGA/FEDEXCUP;  PRIVATE FUNCTION,Signage,BLACK,2' X 3',10/9/15
CUP1978   ,5,SIGNAGE,PGA/FEDEXCUP;  DIRECTION WITH VELCRO ARROWS,Signage,BLACK,2' X 3',11/18/15
CUP1979   ,1,SIGNAGE,PGA/FEDEXCUP;  FEDEX SALUTES SMALL BUSINESS,Signage,BLACK,2' X 3',10/11/13
CUP1990   ,2,SIGNAGE,PGA/FEDEXCUP;  HOSPITALITY SUITE,Signage,BLACK,2' X 3',11/18/15
CUP1995   ,1,SIGNAGE,BLACK 8 X 11 3/4 - CHECK IN,Signage,BLACK,8 X 11 3/4,9/25/14
SSJC0020  ,1,SIGNAGE,SJC MISCELLANEOUS,Signage,,,6/24/09
CUP1890   ,1,BAG,OGIO TERMINAL: BLACK,Staff Apparel,BLACK,,7/10/13
CUP2171   ,1,JACKET,"BLACK ZR, FEDEXCUP, SM",Staff Apparel,BLACK,SM,2/5/14
CUP2172   ,4,JACKET,"BLACK ZR, FEDEXCUP, MD",Staff Apparel,BLACK,MD,2/5/14
CUP2173   ,4,JACKET,"BLACK ZR, FEDEXCUP, LG",Staff Apparel,BLACK,LG,2/10/14
CUP2174   ,2,JACKET,"BLACK ZR, FEDEXCUP, XL",Staff Apparel,BLACK,XL,1/14/15
CUP2175   ,2,JACKET,"BLACK ZR, FEDEXCUP, 2X",Staff Apparel,BLACK,2X,2/5/14
CUP1501   ,9,"JACKET, LADIES","NIKE HALF ZIP, FEDEXCUP/PGA LOGOS",Staff Apparel,BLACK,SM,2/10/11
CUP1502   ,2,"JACKET, LADIES","NIKE HALF ZIP, FEDEXCUP/PGA LOGOS",Staff Apparel,BLACK,MD,1/18/11
CUP1503   ,8,"JACKET, LADIES","NIKE HALF ZIP, FEDEXCUP/PGA LOGOS",Staff Apparel,BLACK,LG,6/21/11
CUP1504   ,6,"JACKET, LADIES","NIKE HALF ZIP, FEDEXCUP/PGA LOGOS",Staff Apparel,BLACK,XL,4/19/12
CUP2274   ,1,LUGGAGE,"VICTORINOX CARRY ON SPECTRA DUAL CAPACITY, RED",Staff Apparel,RED,,12/2/14
CUP2539   ,10,LUGGAGE,"VICTORINOX, SPECTRA 2.0, 32.3""/82CM, 8 WHEELED, NAVY BLUE",Staff Apparel,NAVY BLUE,"32.3""/82CM",4/19/16
CUP2095   ,2,POLO,NIKE GOLF: WHITE: FEDEXCUP PLAYOFFS RIGHT CHEST; 2XL,Staff Apparel,WHITE,2XL,10/11/13
CUP2103   ,6,POLO,LADIES NIKE GOLF: WHITE: FEDEXCUP PLAYOFFS RIGHT CHEST; LG,Staff Apparel,WHITE,LG,10/11/13
CUP2104   ,5,POLO,LADIES NIKE GOLF: WHITE: FEDEXCUP PLAYOFFS RIGHT CHEST; XL,Staff Apparel,WHITE,XL,10/11/13
CUP1287   ,6,"STAFF ZR RAIN PANTS, LADIES","LG, BLACK, ZERO RESTRICTIONS",Staff Apparel,BLACK,LG,9/9/13
CUP1288   ,3,"STAFF ZR RAIN PANTS, LADIES","XL, BLACK, ZERO RESTRICTIONS",Staff Apparel,BLACK,XL,6/30/08